{
  "eval_env": "D",
  "single_A": {
    "mean": 0.1700519323348999,
    "per_horizon": [
      0.1491415947675705,
      0.15366539359092712,
      0.15733523666858673,
      0.16106708347797394,
      0.16457022726535797,
      0.1684577763080597,
      0.17289946973323822,
      0.17923057079315186,
      0.18911008536815643,
      0.2050384134054184
    ],
    "per_dim": {
      "tx": 0.16880668699741364,
      "ty": 0.13274236023426056,
      "tz": 0.1444379836320877,
      "rx": 0.12773700058460236,
      "ry": 0.13449150323867798,
      "rz": 0.22065570950508118,
      "gripper": 0.2597578763961792
    },
    "num_samples": 262802,
    "chunk_size": 10
  },
  "multi_ABC": {
    "mean": 0.157204732298851,
    "per_horizon": [
      0.1444423496723175,
      0.14703164994716644,
      0.14895378053188324,
      0.15107493102550507,
      0.1536393165588379,
      0.15651635825634003,
      0.1597699075937271,
      0.16381554305553436,
      0.16947731375694275,
      0.1773281693458557
    ],
    "per_dim": {
      "tx": 0.16655126214027405,
      "ty": 0.12294232100248337,
      "tz": 0.13139720261096954,
      "rx": 0.1264820247888565,
      "ry": 0.13018091022968292,
      "rz": 0.20641475915908813,
      "gripper": 0.21492765843868256
    },
    "num_samples": 262802,
    "chunk_size": 10
  },
  "relative_improvement_pct": 7.554868597874938
}