action_dim,pretrained_A_l1,multi_ABC_l1,abc_relative_improvement_pct
tx,0.16563990712165833,0.16668038070201874,-0.6281539264545778
ty,0.1388002634048462,0.12305603921413422,11.343079475858017
tz,0.14374184608459473,0.13150162994861603,8.515415983161303
rx,0.131402850151062,0.12655574083328247,3.6887398653889596
ry,0.13706278800964355,0.13025999069213867,4.9632707872732365
rz,0.21894457936286926,0.2065722495317459,5.6508957048066435
gripper,0.23888495564460754,0.21560566127300262,9.74498134835994
