action_dim,single_A_l1,multi_ABC_l1,relative_improvement_pct
tx,0.16880668699741364,0.16655126214027405,1.3360992370960658
ty,0.13274236023426056,0.12294232100248337,7.382751982473653
tz,0.1444379836320877,0.13139720261096954,9.028636853817918
rx,0.12773700058460236,0.1264820247888565,0.982468501688873
ry,0.13449150323867798,0.13018091022968292,3.205104341309337
rz,0.22065570950508118,0.20641475915908813,6.453923344170303
gripper,0.2597578763961792,0.21492765843868256,17.258463373454056
